colsample_bytree,learning_rate,max_depth,reg_alpha,reg_lambda,subsample
0.7447452571676711,0.11907444216803602,2.8333333333333335,0.005412574196550425,0.535519074107092,0.8730998232764303
