colsample_bytree,learning_rate,max_depth,reg_alpha,reg_lambda,subsample
0.6242477745176273,0.14679757440193986,2.857142857142857,0.12910516364371685,0.7187613455506945,0.8387383752472856
