colsample_bytree,learning_rate,max_depth,reg_alpha,reg_lambda,subsample
0.7889525328161823,0.12365831789810745,3.0,0.010605753600275608,0.8255269495219943,0.8718809159243607
