colsample_bytree,learning_rate,max_depth,reg_alpha,reg_lambda,subsample
0.7889525328161822,0.12365831789810745,3.0,0.010605753600275608,0.9900154515838335,0.8947880685211413
