colsample_bytree,learning_rate,max_depth,reg_alpha,reg_lambda,subsample
0.7740248933127789,0.11951848869390709,3.0,0.13913907311142276,0.903066446237516,0.8901722516394646
